AddressID,AddressLine1,AddressLine2,City,StateProvince,CountryRegion,PostalCode,rowguid,ModifiedDate
1,1924 Main Blvd,,Sydney,New South Wales,Australia,39256,00000000-0000-0000-0000-000000000000,2026-09-03T11:32:30.427319
2,1779 Main Blvd,,Redmond,Washington,United States,13905,00000000-0000-0000-0000-000000000000,2026-09-03T11:32:30.427346
3,3682 Oak Blvd,Suite 288,Seattle,Washington,United States,36062,00000000-0000-0000-0000-000000000000,2026-09-03T11:32:30.427350
4,9028 Elm St,,Berlin,Brandenburg,Germany,46463,00000000-0000-0000-0000-000000000000,2026-09-03T11:32:30.427353
5,206 Oak Blvd,,Paris,Ile-de-France,France,46421,00000000-0000-0000-0000-000000000000,2026-09-03T11:32:30.427356
6,3627 Pine St,,Redmond,Washington,United States,22676,00000000-0000-0000-0000-000000000000,2026-09-03T11:32:30.427358
7,5735 Pine St,Suite 275,New York,New York,United States,26361,00000000-0000-0000-0000-000000000000,2026-09-03T11:32:30.427361
8,6301 Main Blvd,,Mumbai,Maharashtra,India,92397,00000000-0000-0000-0000-000000000000,2026-09-03T11:32:30.427364
9,6025 Oak Blvd,,Toronto,Ontario,Canada,96673,00000000-0000-0000-0000-000000000000,2026-09-03T11:32:30.427367
10,4841 Main St,Suite 195,San Francisco,California,United States,46434,00000000-0000-0000-0000-000000000000,2026-09-03T11:32:30.427370
11,6077 Oak Ave,,Dallas,Texas,United States,97841,00000000-0000-0000-0000-000000000000,2026-09-03T11:32:30.427372
12,1269 Oak Blvd,Suite 84,Los Angeles,California,United States,70589,00000000-0000-0000-0000-000000000000,2026-09-03T11:32:30.427375
13,4522 Oak Blvd,,Chicago,Illinois,United States,17331,00000000-0000-0000-0000-000000000000,2026-09-03T11:32:30.427378
14,625 Pine Ave,,San Francisco,California,United States,37653,00000000-0000-0000-0000-000000000000,2026-09-03T11:32:30.427394
15,9392 Pine St,Suite 203,Mumbai,Maharashtra,India,94259,00000000-0000-0000-0000-000000000000,2026-09-03T11:32:30.427413
16,2440 Pine St,,Dallas,Texas,United States,83579,00000000-0000-0000-0000-000000000000,2026-09-03T11:32:30.427416
17,4404 Elm Blvd,,London,England,United Kingdom,38746,00000000-0000-0000-0000-000000000000,2026-09-03T11:32:30.427419
18,8448 Elm St,Suite 441,Redmond,Washington,United States,24371,00000000-0000-0000-0000-000000000000,2026-09-03T11:32:30.427423
19,2721 Elm Blvd,,Redmond,Washington,United States,60019,00000000-0000-0000-0000-000000000000,2026-09-03T11:32:30.427425
20,7768 Pine Blvd,Suite 6,Toronto,Ontario,Canada,99166,00000000-0000-0000-0000-000000000000,2026-09-03T11:32:30.427429
21,1976 Pine Blvd,,Berlin,Brandenburg,Germany,48469,00000000-0000-0000-0000-000000000000,2026-09-03T11:32:30.427431
22,2691 Elm St,Suite 449,Chicago,Illinois,United States,44522,00000000-0000-0000-0000-000000000000,2026-09-03T11:32:30.427434
23,3027 Main Blvd,,London,England,United Kingdom,93748,00000000-0000-0000-0000-000000000000,2026-09-03T11:32:30.427437
24,3358 Oak Ave,Suite 277,London,England,United Kingdom,79514,00000000-0000-0000-0000-000000000000,2026-09-03T11:32:30.427439
25,109 Pine Ave,,Mumbai,Maharashtra,India,57576,00000000-0000-0000-0000-000000000000,2026-09-03T11:32:30.427442
26,5138 Oak St,,Mumbai,Maharashtra,India,84364,00000000-0000-0000-0000-000000000000,2026-09-03T11:32:30.427445
27,1503 Elm St,Suite 273,Seattle,Washington,United States,26483,00000000-0000-0000-0000-000000000000,2026-09-03T11:32:30.427448
28,7887 Oak Ave,,Redmond,Washington,United States,89507,00000000-0000-0000-0000-000000000000,2026-09-03T11:32:30.427459
29,3570 Oak Blvd,,Chicago,Illinois,United States,98039,00000000-0000-0000-0000-000000000000,2026-09-03T11:32:30.427461
30,6218 Elm Blvd,,Sydney,New South Wales,Australia,42493,00000000-0000-0000-0000-000000000000,2026-09-03T11:32:30.427464
31,1149 Pine St,,San Francisco,California,United States,40161,00000000-0000-0000-0000-000000000000,2026-09-03T11:32:30.427467
32,3708 Main St,Suite 31,Toronto,Ontario,Canada,40007,00000000-0000-0000-0000-000000000000,2026-09-03T11:32:30.427472
33,614 Pine St,,Seattle,Washington,United States,46500,00000000-0000-0000-0000-000000000000,2026-09-03T11:32:30.427474
34,8053 Oak Blvd,,Sydney,New South Wales,Australia,84847,00000000-0000-0000-0000-000000000000,2026-09-03T11:32:30.427477
35,7844 Oak Ave,Suite 98,Toronto,Ontario,Canada,22363,00000000-0000-0000-0000-000000000000,2026-09-03T11:32:30.427480
36,7162 Pine Ave,,Seattle,Washington,United States,17100,00000000-0000-0000-0000-000000000000,2026-09-03T11:32:30.427482
37,1712 Main Ave,Suite 410,Sydney,New South Wales,Australia,24322,00000000-0000-0000-0000-000000000000,2026-09-03T11:32:30.427485
38,3239 Oak Blvd,,San Francisco,California,United States,65296,00000000-0000-0000-0000-000000000000,2026-09-03T11:32:30.427490
39,4663 Elm St,Suite 39,Redmond,Washington,United States,68082,00000000-0000-0000-0000-000000000000,2026-09-03T11:32:30.427493
40,9116 Main St,Suite 277,Paris,Ile-de-France,France,11934,00000000-0000-0000-0000-000000000000,2026-09-03T11:32:30.427495
41,3972 Oak Ave,,Seattle,Washington,United States,38016,00000000-0000-0000-0000-000000000000,2026-09-03T11:32:30.427498
42,6670 Main St,,Tokyo,Kanto,Japan,61173,00000000-0000-0000-0000-000000000000,2026-09-03T11:32:30.427500
43,7554 Pine Ave,Suite 375,Los Angeles,California,United States,82845,00000000-0000-0000-0000-000000000000,2026-09-03T11:32:30.427503
44,8073 Oak St,,Sydney,New South Wales,Australia,17665,00000000-0000-0000-0000-000000000000,2026-09-03T11:32:30.427505
45,8983 Main Blvd,,Toronto,Ontario,Canada,16572,00000000-0000-0000-0000-000000000000,2026-09-03T11:32:30.427507
46,7911 Oak St,Suite 42,Toronto,Ontario,Canada,34356,00000000-0000-0000-0000-000000000000,2026-09-03T11:32:30.427510
47,9849 Main Blvd,Suite 207,Seattle,Washington,United States,25713,00000000-0000-0000-0000-000000000000,2026-09-03T11:32:30.427513
48,9433 Oak Blvd,,Mumbai,Maharashtra,India,91183,00000000-0000-0000-0000-000000000000,2026-09-03T11:32:30.427524
49,6968 Pine Ave,,Seattle,Washington,United States,51180,00000000-0000-0000-0000-000000000000,2026-09-03T11:32:30.427528
50,4451 Elm St,Suite 154,San Francisco,California,United States,69929,00000000-0000-0000-0000-000000000000,2026-09-03T11:32:30.427530
51,1288 Main Ave,Suite 289,New York,New York,United States,23104,00000000-0000-0000-0000-000000000000,2026-09-03T11:32:30.427534
52,8908 Oak Blvd,,Seattle,Washington,United States,55745,00000000-0000-0000-0000-000000000000,2026-09-03T11:32:30.427536
53,1227 Oak Ave,,Mumbai,Maharashtra,India,67433,00000000-0000-0000-0000-000000000000,2026-09-03T11:32:30.427547
54,9000 Pine Blvd,Suite 414,Tokyo,Kanto,Japan,95717,00000000-0000-0000-0000-000000000000,2026-09-03T11:32:30.427551
55,228 Pine Blvd,,London,England,United Kingdom,27601,00000000-0000-0000-0000-000000000000,2026-09-03T11:32:30.427553
56,1991 Main Blvd,,Los Angeles,California,United States,45697,00000000-0000-0000-0000-000000000000,2026-09-03T11:32:30.427556
57,3550 Pine St,Suite 437,Los Angeles,California,United States,44600,00000000-0000-0000-0000-000000000000,2026-09-03T11:32:30.427560
58,8104 Pine St,,London,England,United Kingdom,65518,00000000-0000-0000-0000-000000000000,2026-09-03T11:32:30.427562
59,4633 Main St,,Tokyo,Kanto,Japan,27146,00000000-0000-0000-0000-000000000000,2026-09-03T11:32:30.427564
60,4391 Oak Blvd,,Sydney,New South Wales,Australia,66057,00000000-0000-0000-0000-000000000000,2026-09-03T11:32:30.427566
61,258 Main St,Suite 354,London,England,United Kingdom,29536,00000000-0000-0000-0000-000000000000,2026-09-03T11:32:30.427569
62,690 Pine Blvd,,London,England,United Kingdom,66333,00000000-0000-0000-0000-000000000000,2026-09-03T11:32:30.427575
63,785 Pine Ave,Suite 408,Redmond,Washington,United States,15229,00000000-0000-0000-0000-000000000000,2026-09-03T11:32:30.427578
64,5962 Oak Blvd,,Mumbai,Maharashtra,India,23473,00000000-0000-0000-0000-000000000000,2026-09-03T11:32:30.427583
65,9273 Elm Blvd,Suite 474,New York,New York,United States,41029,00000000-0000-0000-0000-000000000000,2026-09-03T11:32:30.427586
66,2762 Oak Ave,,Tokyo,Kanto,Japan,53540,00000000-0000-0000-0000-000000000000,2026-09-03T11:32:30.427589
67,6845 Oak Ave,,Paris,Ile-de-France,France,24168,00000000-0000-0000-0000-000000000000,2026-09-03T11:32:30.427592
68,734 Elm St,,Chicago,Illinois,United States,70332,00000000-0000-0000-0000-000000000000,2026-09-03T11:32:30.427607
69,5100 Oak St,,New York,New York,United States,35313,00000000-0000-0000-0000-000000000000,2026-09-03T11:32:30.427621
70,5478 Pine St,Suite 143,Chicago,Illinois,United States,56025,00000000-0000-0000-0000-000000000000,2026-09-03T11:32:30.427629
71,8446 Elm Blvd,Suite 275,Sydney,New South Wales,Australia,53404,00000000-0000-0000-0000-000000000000,2026-09-03T11:32:30.427637
72,1989 Pine St,,Bothell,Washington,United States,44795,00000000-0000-0000-0000-000000000000,2026-09-03T11:32:30.427644
73,1876 Elm Ave,Suite 161,Bothell,Washington,United States,67199,00000000-0000-0000-0000-000000000000,2026-09-03T11:32:30.427651
74,8479 Main Ave,Suite 98,Toronto,Ontario,Canada,43386,00000000-0000-0000-0000-000000000000,2026-09-03T11:32:30.427659
75,7244 Main Blvd,Suite 276,Bothell,Washington,United States,97900,00000000-0000-0000-0000-000000000000,2026-09-03T11:32:30.427668
76,6067 Elm St,Suite 472,San Francisco,California,United States,53279,00000000-0000-0000-0000-000000000000,2026-09-03T11:32:30.427675
77,5243 Main Blvd,Suite 260,Toronto,Ontario,Canada,50538,00000000-0000-0000-0000-000000000000,2026-09-03T11:32:30.427682
78,6791 Pine Ave,Suite 284,Sydney,New South Wales,Australia,26683,00000000-0000-0000-0000-000000000000,2026-09-03T11:32:30.427693
79,6988 Elm Blvd,Suite 90,San Francisco,California,United States,90676,00000000-0000-0000-0000-000000000000,2026-09-03T11:32:30.427700
80,5030 Elm Blvd,Suite 156,Toronto,Ontario,Canada,47606,00000000-0000-0000-0000-000000000000,2026-09-03T11:32:30.427707
81,7143 Pine Ave,,San Francisco,California,United States,98555,00000000-0000-0000-0000-000000000000,2026-09-03T11:32:30.427715
82,8475 Elm Blvd,,San Francisco,California,United States,21114,00000000-0000-0000-0000-000000000000,2026-09-03T11:32:30.427726
83,8545 Pine St,Suite 385,Los Angeles,California,United States,40784,00000000-0000-0000-0000-000000000000,2026-09-03T11:32:30.427734
84,5185 Oak St,,Sydney,New South Wales,Australia,16057,00000000-0000-0000-0000-000000000000,2026-09-03T11:32:30.427740
85,7884 Main Ave,,San Francisco,California,United States,92544,00000000-0000-0000-0000-000000000000,2026-09-03T11:32:30.427746
86,3285 Elm Ave,,Toronto,Ontario,Canada,29342,00000000-0000-0000-0000-000000000000,2026-09-03T11:32:30.427752
87,190 Main Ave,,Sydney,New South Wales,Australia,77889,00000000-0000-0000-0000-000000000000,2026-09-03T11:32:30.427760
88,922 Oak St,,Dallas,Texas,United States,70901,00000000-0000-0000-0000-000000000000,2026-09-03T11:32:30.427768
89,8802 Pine Ave,Suite 369,Sydney,New South Wales,Australia,76162,00000000-0000-0000-0000-000000000000,2026-09-03T11:32:30.427779
90,9076 Elm St,Suite 244,Chicago,Illinois,United States,68991,00000000-0000-0000-0000-000000000000,2026-09-03T11:32:30.427786
91,4150 Pine Blvd,,Los Angeles,California,United States,41358,00000000-0000-0000-0000-000000000000,2026-09-03T11:32:30.427792
92,7306 Main Blvd,,Los Angeles,California,United States,45614,00000000-0000-0000-0000-000000000000,2026-09-03T11:32:30.427799
93,5338 Main St,,New York,New York,United States,60205,00000000-0000-0000-0000-000000000000,2026-09-03T11:32:30.427807
94,2603 Oak St,,Berlin,Brandenburg,Germany,53369,00000000-0000-0000-0000-000000000000,2026-09-03T11:32:30.427815
95,7733 Elm St,,London,England,United Kingdom,65069,00000000-0000-0000-0000-000000000000,2026-09-03T11:32:30.427820
96,9669 Main Blvd,,Chicago,Illinois,United States,10772,00000000-0000-0000-0000-000000000000,2026-09-03T11:32:30.427827
97,4992 Elm Ave,,New York,New York,United States,81582,00000000-0000-0000-0000-000000000000,2026-09-03T11:32:30.427834
98,9983 Oak Ave,,Paris,Ile-de-France,France,67125,00000000-0000-0000-0000-000000000000,2026-09-03T11:32:30.427840
99,575 Elm Ave,Suite 409,Dallas,Texas,United States,62994,00000000-0000-0000-0000-000000000000,2026-09-03T11:32:30.427848
100,2804 Elm St,Suite 274,Berlin,Brandenburg,Germany,13534,00000000-0000-0000-0000-000000000000,2026-09-03T11:32:30.427855
101,6555 Main St,Suite 70,Mumbai,Maharashtra,India,70515,00000000-0000-0000-0000-000000000000,2026-09-03T11:32:30.427863
102,923 Pine Ave,,Redmond,Washington,United States,69598,00000000-0000-0000-0000-000000000000,2026-09-03T11:32:30.427869
103,5629 Elm Ave,Suite 426,New York,New York,United States,65255,00000000-0000-0000-0000-000000000000,2026-09-03T11:32:30.427877
104,1441 Elm St,Suite 27,Los Angeles,California,United States,55870,00000000-0000-0000-0000-000000000000,2026-09-03T11:32:30.427884
105,1224 Main St,Suite 103,San Francisco,California,United States,12671,00000000-0000-0000-0000-000000000000,2026-09-03T11:32:30.427892
106,2596 Oak St,,Toronto,Ontario,Canada,24993,00000000-0000-0000-0000-000000000000,2026-09-03T11:32:30.427900
107,3671 Elm Blvd,,Toronto,Ontario,Canada,58351,00000000-0000-0000-0000-000000000000,2026-09-03T11:32:30.427908
108,1976 Oak Ave,,Redmond,Washington,United States,13365,00000000-0000-0000-0000-000000000000,2026-09-03T11:32:30.427918
109,5211 Elm Ave,Suite 102,Mumbai,Maharashtra,India,19961,00000000-0000-0000-0000-000000000000,2026-09-03T11:32:30.427926
110,4078 Main Blvd,Suite 436,Toronto,Ontario,Canada,99687,00000000-0000-0000-0000-000000000000,2026-09-03T11:32:30.427935
111,2083 Main Ave,,Toronto,Ontario,Canada,96706,00000000-0000-0000-0000-000000000000,2026-09-03T11:32:30.427942
112,1229 Pine St,Suite 422,New York,New York,United States,74251,00000000-0000-0000-0000-000000000000,2026-09-03T11:32:30.427949
113,7202 Pine Blvd,Suite 236,Seattle,Washington,United States,30052,00000000-0000-0000-0000-000000000000,2026-09-03T11:32:30.427956
114,2985 Pine Blvd,Suite 276,Chicago,Illinois,United States,73372,00000000-0000-0000-0000-000000000000,2026-09-03T11:32:30.427964
115,7236 Pine Ave,Suite 426,Dallas,Texas,United States,21359,00000000-0000-0000-0000-000000000000,2026-09-03T11:32:30.427974
116,7485 Oak Ave,,Los Angeles,California,United States,97580,00000000-0000-0000-0000-000000000000,2026-09-03T11:32:30.427980
117,5611 Main Ave,Suite 94,Chicago,Illinois,United States,73904,00000000-0000-0000-0000-000000000000,2026-09-03T11:32:30.427987
118,5913 Pine Ave,,San Francisco,California,United States,88139,00000000-0000-0000-0000-000000000000,2026-09-03T11:32:30.427993
119,4626 Main Blvd,Suite 44,Berlin,Brandenburg,Germany,41635,00000000-0000-0000-0000-000000000000,2026-09-03T11:32:30.428000
120,6758 Elm Blvd,Suite 354,Berlin,Brandenburg,Germany,72402,00000000-0000-0000-0000-000000000000,2026-09-03T11:32:30.428007
121,8141 Elm St,,Sydney,New South Wales,Australia,39045,00000000-0000-0000-0000-000000000000,2026-09-03T11:32:30.428014
122,4086 Pine Blvd,,Chicago,Illinois,United States,72031,00000000-0000-0000-0000-000000000000,2026-09-03T11:32:30.428021
123,8798 Pine Ave,Suite 282,London,England,United Kingdom,53357,00000000-0000-0000-0000-000000000000,2026-09-03T11:32:30.428028
124,7534 Pine Ave,,New York,New York,United States,25814,00000000-0000-0000-0000-000000000000,2026-09-03T11:32:30.428035
125,3255 Pine St,Suite 487,Berlin,Brandenburg,Germany,34267,00000000-0000-0000-0000-000000000000,2026-09-03T11:32:30.428045
126,3645 Elm Ave,Suite 390,San Francisco,California,United States,78765,00000000-0000-0000-0000-000000000000,2026-09-03T11:32:30.428052
127,4736 Main St,,Toronto,Ontario,Canada,57301,00000000-0000-0000-0000-000000000000,2026-09-03T11:32:30.428059
128,5052 Main Blvd,,Redmond,Washington,United States,45954,00000000-0000-0000-0000-000000000000,2026-09-03T11:32:30.428065
129,993 Pine Blvd,Suite 327,Bothell,Washington,United States,74340,00000000-0000-0000-0000-000000000000,2026-09-03T11:32:30.428072
130,300 Pine Ave,,Seattle,Washington,United States,54657,00000000-0000-0000-0000-000000000000,2026-09-03T11:32:30.428080
131,941 Pine Ave,,Redmond,Washington,United States,18564,00000000-0000-0000-0000-000000000000,2026-09-03T11:32:30.428086
132,8156 Main Blvd,Suite 28,Chicago,Illinois,United States,29887,00000000-0000-0000-0000-000000000000,2026-09-03T11:32:30.428094
133,9321 Pine St,Suite 61,Redmond,Washington,United States,83147,00000000-0000-0000-0000-000000000000,2026-09-03T11:32:30.428108
134,6918 Oak Blvd,,Paris,Ile-de-France,France,68028,00000000-0000-0000-0000-000000000000,2026-09-03T11:32:30.428117
135,9742 Elm Ave,,Los Angeles,California,United States,17894,00000000-0000-0000-0000-000000000000,2026-09-03T11:32:30.428124
136,1725 Oak Blvd,,Toronto,Ontario,Canada,96563,00000000-0000-0000-0000-000000000000,2026-09-03T11:32:30.428130
137,2673 Oak St,,Seattle,Washington,United States,30517,00000000-0000-0000-0000-000000000000,2026-09-03T11:32:30.428136
138,6793 Elm Blvd,,Bothell,Washington,United States,48175,00000000-0000-0000-0000-000000000000,2026-09-03T11:32:30.428142
139,3892 Pine Blvd,,Bothell,Washington,United States,69510,00000000-0000-0000-0000-000000000000,2026-09-03T11:32:30.428150
140,3924 Pine Blvd,,Seattle,Washington,United States,35928,00000000-0000-0000-0000-000000000000,2026-09-03T11:32:30.428157
141,1980 Oak Blvd,,Chicago,Illinois,United States,44816,00000000-0000-0000-0000-000000000000,2026-09-03T11:32:30.428165
142,2430 Main St,,Tokyo,Kanto,Japan,50319,00000000-0000-0000-0000-000000000000,2026-09-03T11:32:30.428174
143,9425 Pine Ave,,Toronto,Ontario,Canada,49857,00000000-0000-0000-0000-000000000000,2026-09-03T11:32:30.428180
144,6694 Pine Blvd,,Berlin,Brandenburg,Germany,67377,00000000-0000-0000-0000-000000000000,2026-09-03T11:32:30.428186
145,9898 Main Ave,Suite 310,Seattle,Washington,United States,42816,00000000-0000-0000-0000-000000000000,2026-09-03T11:32:30.428194
146,1596 Oak Blvd,Suite 295,Bothell,Washington,United States,86955,00000000-0000-0000-0000-000000000000,2026-09-03T11:32:30.428201
147,4515 Main St,,Bothell,Washington,United States,95394,00000000-0000-0000-0000-000000000000,2026-09-03T11:32:30.428208
148,4657 Oak Blvd,,Dallas,Texas,United States,74451,00000000-0000-0000-0000-000000000000,2026-09-03T11:32:30.428217
149,7800 Pine Ave,,Seattle,Washington,United States,97835,00000000-0000-0000-0000-000000000000,2026-09-03T11:32:30.428223
150,2734 Pine Ave,Suite 148,Seattle,Washington,United States,96846,00000000-0000-0000-0000-000000000000,2026-09-03T11:32:30.428231
151,9112 Main Ave,,Chicago,Illinois,United States,43082,00000000-0000-0000-0000-000000000000,2026-09-03T11:32:30.428238
152,1999 Elm Blvd,Suite 1,New York,New York,United States,96200,00000000-0000-0000-0000-000000000000,2026-09-03T11:32:30.428245
153,8989 Elm Ave,,Tokyo,Kanto,Japan,77952,00000000-0000-0000-0000-000000000000,2026-09-03T11:32:30.428251
154,8267 Elm St,,New York,New York,United States,81987,00000000-0000-0000-0000-000000000000,2026-09-03T11:32:30.428260
155,4819 Elm Blvd,,Redmond,Washington,United States,13783,00000000-0000-0000-0000-000000000000,2026-09-03T11:32:30.428266
156,4020 Oak Ave,,Sydney,New South Wales,Australia,82384,00000000-0000-0000-0000-000000000000,2026-09-03T11:32:30.428274
157,1627 Oak St,,Chicago,Illinois,United States,25396,00000000-0000-0000-0000-000000000000,2026-09-03T11:32:30.428281
158,2622 Elm Blvd,,Sydney,New South Wales,Australia,45838,00000000-0000-0000-0000-000000000000,2026-09-03T11:32:30.428287
159,8005 Elm St,,Chicago,Illinois,United States,28958,00000000-0000-0000-0000-000000000000,2026-09-03T11:32:30.428290
160,3222 Oak St,,Chicago,Illinois,United States,64387,00000000-0000-0000-0000-000000000000,2026-09-03T11:32:30.428293
161,8418 Pine St,,New York,New York,United States,49132,00000000-0000-0000-0000-000000000000,2026-09-03T11:32:30.428295
162,9716 Elm St,,Tokyo,Kanto,Japan,73483,00000000-0000-0000-0000-000000000000,2026-09-03T11:32:30.428297
163,5546 Elm Ave,Suite 446,New York,New York,United States,34727,00000000-0000-0000-0000-000000000000,2026-09-03T11:32:30.428300
164,4012 Elm St,Suite 211,Berlin,Brandenburg,Germany,15720,00000000-0000-0000-0000-000000000000,2026-09-03T11:32:30.428303
165,7849 Elm Ave,Suite 406,New York,New York,United States,95461,00000000-0000-0000-0000-000000000000,2026-09-03T11:32:30.428305
166,8215 Main St,,Redmond,Washington,United States,87356,00000000-0000-0000-0000-000000000000,2026-09-03T11:32:30.428308
167,1744 Elm St,,New York,New York,United States,69890,00000000-0000-0000-0000-000000000000,2026-09-03T11:32:30.428310
168,2461 Elm Blvd,Suite 39,Bothell,Washington,United States,71537,00000000-0000-0000-0000-000000000000,2026-09-03T11:32:30.428312
169,4442 Pine Blvd,Suite 333,Paris,Ile-de-France,France,20527,00000000-0000-0000-0000-000000000000,2026-09-03T11:32:30.428315
170,5483 Elm Ave,Suite 455,Tokyo,Kanto,Japan,73956,00000000-0000-0000-0000-000000000000,2026-09-03T11:32:30.428319
171,8964 Main Blvd,,Tokyo,Kanto,Japan,92727,00000000-0000-0000-0000-000000000000,2026-09-03T11:32:30.428321
172,4808 Oak Blvd,,Sydney,New South Wales,Australia,22903,00000000-0000-0000-0000-000000000000,2026-09-03T11:32:30.428323
173,1746 Elm St,Suite 463,Paris,Ile-de-France,France,13794,00000000-0000-0000-0000-000000000000,2026-09-03T11:32:30.428326
174,5414 Main Ave,,Bothell,Washington,United States,66450,00000000-0000-0000-0000-000000000000,2026-09-03T11:32:30.428329
175,4100 Elm Blvd,Suite 93,Redmond,Washington,United States,32280,00000000-0000-0000-0000-000000000000,2026-09-03T11:32:30.428331
176,1393 Elm Blvd,Suite 255,Redmond,Washington,United States,86435,00000000-0000-0000-0000-000000000000,2026-09-03T11:32:30.428334
177,3904 Elm Blvd,,Redmond,Washington,United States,43466,00000000-0000-0000-0000-000000000000,2026-09-03T11:32:30.428336
178,253 Elm Ave,Suite 81,Sydney,New South Wales,Australia,19681,00000000-0000-0000-0000-000000000000,2026-09-03T11:32:30.428338
179,5761 Pine Blvd,Suite 354,Dallas,Texas,United States,42780,00000000-0000-0000-0000-000000000000,2026-09-03T11:32:30.428341
180,5049 Oak Ave,Suite 55,Dallas,Texas,United States,41091,00000000-0000-0000-0000-000000000000,2026-09-03T11:32:30.428344
181,9470 Pine Blvd,,Chicago,Illinois,United States,48696,00000000-0000-0000-0000-000000000000,2026-09-03T11:32:30.428346
182,6584 Pine St,,Bothell,Washington,United States,99889,00000000-0000-0000-0000-000000000000,2026-09-03T11:32:30.428348
183,903 Elm Ave,Suite 118,Paris,Ile-de-France,France,89569,00000000-0000-0000-0000-000000000000,2026-09-03T11:32:30.428351
184,5872 Oak Blvd,,Paris,Ile-de-France,France,42850,00000000-0000-0000-0000-000000000000,2026-09-03T11:32:30.428354
185,2340 Main Blvd,Suite 159,Sydney,New South Wales,Australia,67779,00000000-0000-0000-0000-000000000000,2026-09-03T11:32:30.428356
186,9595 Pine Blvd,,Bothell,Washington,United States,48680,00000000-0000-0000-0000-000000000000,2026-09-03T11:32:30.428358
187,6907 Oak St,,New York,New York,United States,80701,00000000-0000-0000-0000-000000000000,2026-09-03T11:32:30.428361
188,6094 Pine St,,Mumbai,Maharashtra,India,73156,00000000-0000-0000-0000-000000000000,2026-09-03T11:32:30.428364
189,4935 Pine St,,Paris,Ile-de-France,France,19869,00000000-0000-0000-0000-000000000000,2026-09-03T11:32:30.428366
190,3796 Elm Blvd,,Redmond,Washington,United States,61717,00000000-0000-0000-0000-000000000000,2026-09-03T11:32:30.428369
191,4432 Main Ave,,Bothell,Washington,United States,98125,00000000-0000-0000-0000-000000000000,2026-09-03T11:32:30.428371
192,9677 Elm Blvd,Suite 56,Los Angeles,California,United States,98452,00000000-0000-0000-0000-000000000000,2026-09-03T11:32:30.428373
193,7824 Main Blvd,Suite 288,San Francisco,California,United States,52992,00000000-0000-0000-0000-000000000000,2026-09-03T11:32:30.428376
194,3726 Main Blvd,Suite 466,Mumbai,Maharashtra,India,49608,00000000-0000-0000-0000-000000000000,2026-09-03T11:32:30.428378
195,6789 Main St,,Sydney,New South Wales,Australia,14877,00000000-0000-0000-0000-000000000000,2026-09-03T11:32:30.428380
196,8171 Main St,,Los Angeles,California,United States,80457,00000000-0000-0000-0000-000000000000,2026-09-03T11:32:30.428385
197,6467 Elm Ave,Suite 381,Redmond,Washington,United States,80804,00000000-0000-0000-0000-000000000000,2026-09-03T11:32:30.428387
198,9722 Oak Ave,Suite 427,Chicago,Illinois,United States,74139,00000000-0000-0000-0000-000000000000,2026-09-03T11:32:30.428390
199,6786 Pine St,Suite 112,Toronto,Ontario,Canada,68115,00000000-0000-0000-0000-000000000000,2026-09-03T11:32:30.428392
200,3968 Pine St,Suite 189,Dallas,Texas,United States,81364,00000000-0000-0000-0000-000000000000,2026-09-03T11:32:30.428395
201,5976 Main Ave,,Mumbai,Maharashtra,India,26011,00000000-0000-0000-0000-000000000000,2026-09-03T11:32:30.428397
202,7550 Main Blvd,,Tokyo,Kanto,Japan,93819,00000000-0000-0000-0000-000000000000,2026-09-03T11:32:30.428401
203,449 Main Ave,,Toronto,Ontario,Canada,26505,00000000-0000-0000-0000-000000000000,2026-09-03T11:32:30.428403
204,9350 Oak St,Suite 284,Paris,Ile-de-France,France,37152,00000000-0000-0000-0000-000000000000,2026-09-03T11:32:30.428405
205,3638 Oak Ave,Suite 404,Toronto,Ontario,Canada,88116,00000000-0000-0000-0000-000000000000,2026-09-03T11:32:30.428408
206,4642 Oak St,,Bothell,Washington,United States,32871,00000000-0000-0000-0000-000000000000,2026-09-03T11:32:30.428410
207,522 Oak St,,Seattle,Washington,United States,41186,00000000-0000-0000-0000-000000000000,2026-09-03T11:32:30.428412
208,5404 Main St,,Toronto,Ontario,Canada,26614,00000000-0000-0000-0000-000000000000,2026-09-03T11:32:30.428415
209,6997 Main Blvd,,Berlin,Brandenburg,Germany,68756,00000000-0000-0000-0000-000000000000,2026-09-03T11:32:30.428417
210,6031 Main Ave,,Paris,Ile-de-France,France,90623,00000000-0000-0000-0000-000000000000,2026-09-03T11:32:30.428420
211,8643 Pine Ave,Suite 16,Bothell,Washington,United States,17972,00000000-0000-0000-0000-000000000000,2026-09-03T11:32:30.428423
212,6680 Elm Blvd,,Dallas,Texas,United States,68138,00000000-0000-0000-0000-000000000000,2026-09-03T11:32:30.428425
213,1423 Pine Blvd,,Seattle,Washington,United States,26540,00000000-0000-0000-0000-000000000000,2026-09-03T11:32:30.428427
214,9690 Pine Ave,Suite 272,Los Angeles,California,United States,48652,00000000-0000-0000-0000-000000000000,2026-09-03T11:32:30.428430
215,8382 Elm St,Suite 59,Dallas,Texas,United States,95814,00000000-0000-0000-0000-000000000000,2026-09-03T11:32:30.428432
216,9133 Oak Ave,,Sydney,New South Wales,Australia,39949,00000000-0000-0000-0000-000000000000,2026-09-03T11:32:30.428435
217,5653 Elm Ave,,Chicago,Illinois,United States,22463,00000000-0000-0000-0000-000000000000,2026-09-03T11:32:30.428437
218,7092 Pine Blvd,,New York,New York,United States,30006,00000000-0000-0000-0000-000000000000,2026-09-03T11:32:30.428439
219,7870 Main St,Suite 48,Sydney,New South Wales,Australia,66606,00000000-0000-0000-0000-000000000000,2026-09-03T11:32:30.428441
220,6205 Oak Blvd,,Seattle,Washington,United States,83608,00000000-0000-0000-0000-000000000000,2026-09-03T11:32:30.428444
221,5500 Main Ave,,London,England,United Kingdom,97207,00000000-0000-0000-0000-000000000000,2026-09-03T11:32:30.428446
222,7029 Main Ave,Suite 181,Paris,Ile-de-France,France,23579,00000000-0000-0000-0000-000000000000,2026-09-03T11:32:30.428449
223,8413 Oak St,Suite 115,Toronto,Ontario,Canada,24184,00000000-0000-0000-0000-000000000000,2026-09-03T11:32:30.428452
224,9213 Pine St,Suite 294,New York,New York,United States,39643,00000000-0000-0000-0000-000000000000,2026-09-03T11:32:30.428454
225,7130 Main Blvd,Suite 425,Paris,Ile-de-France,France,45054,00000000-0000-0000-0000-000000000000,2026-09-03T11:32:30.428457
226,3055 Pine Blvd,Suite 472,Bothell,Washington,United States,54541,00000000-0000-0000-0000-000000000000,2026-09-03T11:32:30.428459
227,200 Oak St,,New York,New York,United States,62531,00000000-0000-0000-0000-000000000000,2026-09-03T11:32:30.428462
228,2424 Main St,Suite 111,Seattle,Washington,United States,59308,00000000-0000-0000-0000-000000000000,2026-09-03T11:32:30.428464
229,7532 Pine St,,Chicago,Illinois,United States,52517,00000000-0000-0000-0000-000000000000,2026-09-03T11:32:30.428466
230,9399 Main St,,Paris,Ile-de-France,France,90981,00000000-0000-0000-0000-000000000000,2026-09-03T11:32:30.428468
231,1436 Pine Ave,Suite 249,Bothell,Washington,United States,89570,00000000-0000-0000-0000-000000000000,2026-09-03T11:32:30.428471
232,6885 Pine St,Suite 59,Dallas,Texas,United States,55242,00000000-0000-0000-0000-000000000000,2026-09-03T11:32:30.428474
233,1916 Pine Blvd,Suite 250,Chicago,Illinois,United States,79066,00000000-0000-0000-0000-000000000000,2026-09-03T11:32:30.428477
234,5153 Main St,,Sydney,New South Wales,Australia,88554,00000000-0000-0000-0000-000000000000,2026-09-03T11:32:30.428479
235,225 Oak Ave,Suite 393,Bothell,Washington,United States,27987,00000000-0000-0000-0000-000000000000,2026-09-03T11:32:30.428482
236,4286 Pine Ave,,Paris,Ile-de-France,France,75193,00000000-0000-0000-0000-000000000000,2026-09-03T11:32:30.428485
237,7155 Oak St,,Berlin,Brandenburg,Germany,40161,00000000-0000-0000-0000-000000000000,2026-09-03T11:32:30.428487
238,9254 Pine St,,London,England,United Kingdom,15544,00000000-0000-0000-0000-000000000000,2026-09-03T11:32:30.428490
239,407 Elm St,Suite 295,Chicago,Illinois,United States,66267,00000000-0000-0000-0000-000000000000,2026-09-03T11:32:30.428492
240,6726 Elm Ave,,Toronto,Ontario,Canada,12733,00000000-0000-0000-0000-000000000000,2026-09-03T11:32:30.428494
241,2915 Elm Blvd,Suite 46,New York,New York,United States,67240,00000000-0000-0000-0000-000000000000,2026-09-03T11:32:30.428497
242,1834 Oak Ave,,Tokyo,Kanto,Japan,78676,00000000-0000-0000-0000-000000000000,2026-09-03T11:32:30.428499
243,6584 Pine Blvd,,Seattle,Washington,United States,53655,00000000-0000-0000-0000-000000000000,2026-09-03T11:32:30.428501
244,2854 Main Blvd,Suite 272,Paris,Ile-de-France,France,76840,00000000-0000-0000-0000-000000000000,2026-09-03T11:32:30.428504
245,5824 Pine Blvd,Suite 331,San Francisco,California,United States,29358,00000000-0000-0000-0000-000000000000,2026-09-03T11:32:30.428506
246,1784 Oak Ave,,San Francisco,California,United States,88957,00000000-0000-0000-0000-000000000000,2026-09-03T11:32:30.428508
247,1334 Oak Blvd,,Redmond,Washington,United States,83889,00000000-0000-0000-0000-000000000000,2026-09-03T11:32:30.428512
248,9594 Elm Blvd,Suite 290,Paris,Ile-de-France,France,94278,00000000-0000-0000-0000-000000000000,2026-09-03T11:32:30.428515
249,5395 Pine St,,Sydney,New South Wales,Australia,71462,00000000-0000-0000-0000-000000000000,2026-09-03T11:32:30.428517
250,5061 Pine Blvd,,Dallas,Texas,United States,76497,00000000-0000-0000-0000-000000000000,2026-09-03T11:32:30.428520
251,5185 Elm Ave,,Seattle,Washington,United States,58331,00000000-0000-0000-0000-000000000000,2026-09-03T11:32:30.428522
252,4803 Main Blvd,Suite 438,Tokyo,Kanto,Japan,21835,00000000-0000-0000-0000-000000000000,2026-09-03T11:32:30.428525
253,9833 Elm Ave,,Toronto,Ontario,Canada,15376,00000000-0000-0000-0000-000000000000,2026-09-03T11:32:30.428527
254,9466 Oak Ave,Suite 257,Dallas,Texas,United States,29773,00000000-0000-0000-0000-000000000000,2026-09-03T11:32:30.428530
255,7481 Main Ave,Suite 44,Bothell,Washington,United States,76132,00000000-0000-0000-0000-000000000000,2026-09-03T11:32:30.428533
256,2927 Main St,Suite 225,Sydney,New South Wales,Australia,78690,00000000-0000-0000-0000-000000000000,2026-09-03T11:32:30.428535
257,2700 Pine Ave,Suite 199,London,England,United Kingdom,63578,00000000-0000-0000-0000-000000000000,2026-09-03T11:32:30.428538
258,5643 Main Blvd,Suite 34,Paris,Ile-de-France,France,53213,00000000-0000-0000-0000-000000000000,2026-09-03T11:32:30.428541
259,9241 Elm Ave,,Seattle,Washington,United States,96057,00000000-0000-0000-0000-000000000000,2026-09-03T11:32:30.428543
260,9974 Oak Ave,,Mumbai,Maharashtra,India,96980,00000000-0000-0000-0000-000000000000,2026-09-03T11:32:30.428546
261,5831 Pine Blvd,Suite 201,Redmond,Washington,United States,26901,00000000-0000-0000-0000-000000000000,2026-09-03T11:32:30.428549
262,1488 Pine Blvd,,Toronto,Ontario,Canada,53054,00000000-0000-0000-0000-000000000000,2026-09-03T11:32:30.428552
263,2193 Main Blvd,Suite 261,Tokyo,Kanto,Japan,57425,00000000-0000-0000-0000-000000000000,2026-09-03T11:32:30.428555
264,6040 Pine St,Suite 175,Bothell,Washington,United States,73736,00000000-0000-0000-0000-000000000000,2026-09-03T11:32:30.428557
265,3811 Oak St,,San Francisco,California,United States,23256,00000000-0000-0000-0000-000000000000,2026-09-03T11:32:30.428559
266,8943 Main Blvd,,London,England,United Kingdom,91006,00000000-0000-0000-0000-000000000000,2026-09-03T11:32:30.428562
267,9885 Elm St,,Redmond,Washington,United States,91885,00000000-0000-0000-0000-000000000000,2026-09-03T11:32:30.428564
268,2812 Elm St,,Paris,Ile-de-France,France,98652,00000000-0000-0000-0000-000000000000,2026-09-03T11:32:30.428566
269,3991 Elm Blvd,,Berlin,Brandenburg,Germany,68841,00000000-0000-0000-0000-000000000000,2026-09-03T11:32:30.428568
270,8849 Oak Ave,Suite 402,San Francisco,California,United States,71474,00000000-0000-0000-0000-000000000000,2026-09-03T11:32:30.428571
271,3278 Pine Blvd,Suite 226,Mumbai,Maharashtra,India,70513,00000000-0000-0000-0000-000000000000,2026-09-03T11:32:30.428574
272,4716 Elm Blvd,,Paris,Ile-de-France,France,31241,00000000-0000-0000-0000-000000000000,2026-09-03T11:32:30.428576
273,3371 Oak Ave,,Tokyo,Kanto,Japan,72991,00000000-0000-0000-0000-000000000000,2026-09-03T11:32:30.428578
274,6181 Main Blvd,Suite 436,Tokyo,Kanto,Japan,26341,00000000-0000-0000-0000-000000000000,2026-09-03T11:32:30.428582
275,1474 Oak Ave,,Los Angeles,California,United States,77286,00000000-0000-0000-0000-000000000000,2026-09-03T11:32:30.428584
276,7267 Main St,Suite 453,Redmond,Washington,United States,55820,00000000-0000-0000-0000-000000000000,2026-09-03T11:32:30.428586
277,536 Elm St,,Mumbai,Maharashtra,India,59015,00000000-0000-0000-0000-000000000000,2026-09-03T11:32:30.428589
278,6426 Main Ave,,San Francisco,California,United States,51770,00000000-0000-0000-0000-000000000000,2026-09-03T11:32:30.428591
279,1723 Pine St,,Mumbai,Maharashtra,India,47601,00000000-0000-0000-0000-000000000000,2026-09-03T11:32:30.428593
280,7840 Oak Blvd,,Mumbai,Maharashtra,India,90654,00000000-0000-0000-0000-000000000000,2026-09-03T11:32:30.428595
281,1398 Main Ave,,Bothell,Washington,United States,29597,00000000-0000-0000-0000-000000000000,2026-09-03T11:32:30.428597
282,8747 Elm St,Suite 122,London,England,United Kingdom,49472,00000000-0000-0000-0000-000000000000,2026-09-03T11:32:30.428600
283,882 Oak Ave,Suite 319,Seattle,Washington,United States,69914,00000000-0000-0000-0000-000000000000,2026-09-03T11:32:30.428603
284,1916 Elm Blvd,,Seattle,Washington,United States,92831,00000000-0000-0000-0000-000000000000,2026-09-03T11:32:30.428605
285,9521 Oak Blvd,,London,England,United Kingdom,66261,00000000-0000-0000-0000-000000000000,2026-09-03T11:32:30.428607
286,5880 Oak Blvd,,Bothell,Washington,United States,97080,00000000-0000-0000-0000-000000000000,2026-09-03T11:32:30.428610
287,1502 Pine St,Suite 279,Sydney,New South Wales,Australia,76496,00000000-0000-0000-0000-000000000000,2026-09-03T11:32:30.428613
288,8416 Main Ave,Suite 23,Paris,Ile-de-France,France,93318,00000000-0000-0000-0000-000000000000,2026-09-03T11:32:30.428615
289,6216 Pine Blvd,,Chicago,Illinois,United States,18855,00000000-0000-0000-0000-000000000000,2026-09-03T11:32:30.428618
290,4050 Main Blvd,Suite 171,New York,New York,United States,27486,00000000-0000-0000-0000-000000000000,2026-09-03T11:32:30.428620
291,5872 Pine Blvd,,Bothell,Washington,United States,99742,00000000-0000-0000-0000-000000000000,2026-09-03T11:32:30.428622
292,7940 Oak St,,Dallas,Texas,United States,69988,00000000-0000-0000-0000-000000000000,2026-09-03T11:32:30.428626
293,4907 Oak St,Suite 454,Bothell,Washington,United States,15492,00000000-0000-0000-0000-000000000000,2026-09-03T11:32:30.428628
294,5180 Elm Blvd,,New York,New York,United States,14799,00000000-0000-0000-0000-000000000000,2026-09-03T11:32:30.428631
295,3231 Pine Ave,Suite 25,Paris,Ile-de-France,France,95948,00000000-0000-0000-0000-000000000000,2026-09-03T11:32:30.428633
296,4576 Main Ave,,New York,New York,United States,62431,00000000-0000-0000-0000-000000000000,2026-09-03T11:32:30.428635
297,7304 Elm Ave,Suite 255,Berlin,Brandenburg,Germany,75211,00000000-0000-0000-0000-000000000000,2026-09-03T11:32:30.428639
298,8607 Pine St,Suite 41,New York,New York,United States,66440,00000000-0000-0000-0000-000000000000,2026-09-03T11:32:30.428642
299,3056 Pine Ave,,Toronto,Ontario,Canada,52981,00000000-0000-0000-0000-000000000000,2026-09-03T11:32:30.428644
300,4943 Pine Ave,Suite 219,Sydney,New South Wales,Australia,31842,00000000-0000-0000-0000-000000000000,2026-09-03T11:32:30.428647
301,7372 Pine Ave,,Berlin,Brandenburg,Germany,56210,00000000-0000-0000-0000-000000000000,2026-09-03T11:32:30.428649
302,7226 Pine Blvd,Suite 486,Toronto,Ontario,Canada,17518,00000000-0000-0000-0000-000000000000,2026-09-03T11:32:30.428652
303,6755 Pine Blvd,Suite 348,Seattle,Washington,United States,30969,00000000-0000-0000-0000-000000000000,2026-09-03T11:32:30.428655
304,2439 Elm St,,Bothell,Washington,United States,40932,00000000-0000-0000-0000-000000000000,2026-09-03T11:32:30.428658
305,6101 Pine Ave,Suite 17,Paris,Ile-de-France,France,89310,00000000-0000-0000-0000-000000000000,2026-09-03T11:32:30.428660
306,7471 Pine Ave,,Redmond,Washington,United States,20077,00000000-0000-0000-0000-000000000000,2026-09-03T11:32:30.428662
307,2355 Pine Ave,,Toronto,Ontario,Canada,46528,00000000-0000-0000-0000-000000000000,2026-09-03T11:32:30.428664
308,1958 Main Blvd,,San Francisco,California,United States,77861,00000000-0000-0000-0000-000000000000,2026-09-03T11:32:30.428667
309,9302 Main Ave,Suite 361,Chicago,Illinois,United States,68493,00000000-0000-0000-0000-000000000000,2026-09-03T11:32:30.428669
310,4778 Elm St,,San Francisco,California,United States,19706,00000000-0000-0000-0000-000000000000,2026-09-03T11:32:30.428672
311,2928 Elm St,Suite 496,Dallas,Texas,United States,51889,00000000-0000-0000-0000-000000000000,2026-09-03T11:32:30.428675
312,5792 Main Blvd,,Sydney,New South Wales,Australia,49315,00000000-0000-0000-0000-000000000000,2026-09-03T11:32:30.428678
313,2680 Oak Ave,,Tokyo,Kanto,Japan,25907,00000000-0000-0000-0000-000000000000,2026-09-03T11:32:30.428680
314,2375 Oak Ave,,San Francisco,California,United States,82616,00000000-0000-0000-0000-000000000000,2026-09-03T11:32:30.428682
315,6144 Elm Blvd,,Toronto,Ontario,Canada,21300,00000000-0000-0000-0000-000000000000,2026-09-03T11:32:30.428685
316,5167 Elm Blvd,Suite 270,Seattle,Washington,United States,63843,00000000-0000-0000-0000-000000000000,2026-09-03T11:32:30.428688
317,6808 Main St,Suite 329,Paris,Ile-de-France,France,19720,00000000-0000-0000-0000-000000000000,2026-09-03T11:32:30.428691
318,7732 Pine St,Suite 400,Dallas,Texas,United States,82260,00000000-0000-0000-0000-000000000000,2026-09-03T11:32:30.428694
319,9730 Oak St,,Sydney,New South Wales,Australia,17263,00000000-0000-0000-0000-000000000000,2026-09-03T11:32:30.428696
320,2134 Oak Ave,,Tokyo,Kanto,Japan,52291,00000000-0000-0000-0000-000000000000,2026-09-03T11:32:30.428698
321,3794 Pine Blvd,Suite 434,Mumbai,Maharashtra,India,20336,00000000-0000-0000-0000-000000000000,2026-09-03T11:32:30.428701
322,3316 Pine St,Suite 315,Los Angeles,California,United States,79924,00000000-0000-0000-0000-000000000000,2026-09-03T11:32:30.428703
323,8334 Oak Blvd,Suite 79,Seattle,Washington,United States,32439,00000000-0000-0000-0000-000000000000,2026-09-03T11:32:30.428706
324,5631 Main St,,Sydney,New South Wales,Australia,94076,00000000-0000-0000-0000-000000000000,2026-09-03T11:32:30.428708
325,9549 Pine Blvd,,Paris,Ile-de-France,France,84991,00000000-0000-0000-0000-000000000000,2026-09-03T11:32:30.428711
326,596 Elm Blvd,,Chicago,Illinois,United States,94136,00000000-0000-0000-0000-000000000000,2026-09-03T11:32:30.428714
327,8012 Oak Blvd,,Los Angeles,California,United States,69446,00000000-0000-0000-0000-000000000000,2026-09-03T11:32:30.428716
328,1081 Oak Ave,,Seattle,Washington,United States,70875,00000000-0000-0000-0000-000000000000,2026-09-03T11:32:30.428718
329,5673 Oak Ave,Suite 164,San Francisco,California,United States,55268,00000000-0000-0000-0000-000000000000,2026-09-03T11:32:30.428721
330,2242 Pine Blvd,,Chicago,Illinois,United States,51827,00000000-0000-0000-0000-000000000000,2026-09-03T11:32:30.428723
331,7742 Main Ave,,San Francisco,California,United States,28465,00000000-0000-0000-0000-000000000000,2026-09-03T11:32:30.428725
332,929 Pine Ave,Suite 215,Seattle,Washington,United States,42541,00000000-0000-0000-0000-000000000000,2026-09-03T11:32:30.428728
333,2716 Pine Blvd,Suite 98,Tokyo,Kanto,Japan,30885,00000000-0000-0000-0000-000000000000,2026-09-03T11:32:30.428730
334,8533 Elm Ave,Suite 255,Dallas,Texas,United States,13037,00000000-0000-0000-0000-000000000000,2026-09-03T11:32:30.428733
335,6542 Elm St,,Seattle,Washington,United States,56254,00000000-0000-0000-0000-000000000000,2026-09-03T11:32:30.428735
336,928 Pine Ave,,Bothell,Washington,United States,95755,00000000-0000-0000-0000-000000000000,2026-09-03T11:32:30.428737
337,7810 Pine Blvd,,Sydney,New South Wales,Australia,24089,00000000-0000-0000-0000-000000000000,2026-09-03T11:32:30.428740
338,2294 Pine Blvd,,Chicago,Illinois,United States,62855,00000000-0000-0000-0000-000000000000,2026-09-03T11:32:30.428743
339,841 Elm St,,New York,New York,United States,35513,00000000-0000-0000-0000-000000000000,2026-09-03T11:32:30.428745
340,9164 Pine St,,New York,New York,United States,69028,00000000-0000-0000-0000-000000000000,2026-09-03T11:32:30.428747
341,9108 Pine Blvd,Suite 61,Paris,Ile-de-France,France,26864,00000000-0000-0000-0000-000000000000,2026-09-03T11:32:30.428750
342,6553 Pine Ave,,Seattle,Washington,United States,57920,00000000-0000-0000-0000-000000000000,2026-09-03T11:32:30.428753
343,2463 Oak Blvd,,Paris,Ile-de-France,France,75546,00000000-0000-0000-0000-000000000000,2026-09-03T11:32:30.428755
344,842 Main St,Suite 412,Bothell,Washington,United States,72094,00000000-0000-0000-0000-000000000000,2026-09-03T11:32:30.428758
345,7587 Oak Blvd,Suite 72,London,England,United Kingdom,52987,00000000-0000-0000-0000-000000000000,2026-09-03T11:32:30.428760
346,5318 Oak Ave,Suite 379,Mumbai,Maharashtra,India,49221,00000000-0000-0000-0000-000000000000,2026-09-03T11:32:30.428763
347,5611 Elm Blvd,,Toronto,Ontario,Canada,72245,00000000-0000-0000-0000-000000000000,2026-09-03T11:32:30.428765
348,372 Pine Ave,Suite 214,Tokyo,Kanto,Japan,86507,00000000-0000-0000-0000-000000000000,2026-09-03T11:32:30.428767
349,536 Elm Ave,Suite 401,Los Angeles,California,United States,85821,00000000-0000-0000-0000-000000000000,2026-09-03T11:32:30.428770
350,3828 Main Blvd,,Toronto,Ontario,Canada,78712,00000000-0000-0000-0000-000000000000,2026-09-03T11:32:30.428772
351,6329 Oak Blvd,,Sydney,New South Wales,Australia,85047,00000000-0000-0000-0000-000000000000,2026-09-03T11:32:30.428775
352,1900 Oak St,,Berlin,Brandenburg,Germany,64890,00000000-0000-0000-0000-000000000000,2026-09-03T11:32:30.428777
353,6865 Oak Ave,,Redmond,Washington,United States,90147,00000000-0000-0000-0000-000000000000,2026-09-03T11:32:30.428780
354,7826 Main Blvd,,Mumbai,Maharashtra,India,37176,00000000-0000-0000-0000-000000000000,2026-09-03T11:32:30.428783
355,5425 Elm Blvd,,London,England,United Kingdom,32699,00000000-0000-0000-0000-000000000000,2026-09-03T11:32:30.428785
356,8834 Pine Blvd,,Dallas,Texas,United States,99226,00000000-0000-0000-0000-000000000000,2026-09-03T11:32:30.428787
357,4431 Elm St,Suite 143,Sydney,New South Wales,Australia,83149,00000000-0000-0000-0000-000000000000,2026-09-03T11:32:30.428790
358,3784 Pine Ave,Suite 354,Los Angeles,California,United States,74094,00000000-0000-0000-0000-000000000000,2026-09-03T11:32:30.428792
359,7961 Pine Blvd,Suite 408,New York,New York,United States,45842,00000000-0000-0000-0000-000000000000,2026-09-03T11:32:30.428795
360,2096 Elm Ave,Suite 489,Los Angeles,California,United States,29198,00000000-0000-0000-0000-000000000000,2026-09-03T11:32:30.428797
361,789 Pine Blvd,,Los Angeles,California,United States,67983,00000000-0000-0000-0000-000000000000,2026-09-03T11:32:30.428800
362,4301 Elm St,,Sydney,New South Wales,Australia,80592,00000000-0000-0000-0000-000000000000,2026-09-03T11:32:30.428802
363,9308 Pine St,,Los Angeles,California,United States,86917,00000000-0000-0000-0000-000000000000,2026-09-03T11:32:30.428805
364,4072 Main Blvd,Suite 116,San Francisco,California,United States,93616,00000000-0000-0000-0000-000000000000,2026-09-03T11:32:30.428807
365,960 Main Ave,,San Francisco,California,United States,71918,00000000-0000-0000-0000-000000000000,2026-09-03T11:32:30.428810
366,2352 Main Blvd,Suite 81,Seattle,Washington,United States,63334,00000000-0000-0000-0000-000000000000,2026-09-03T11:32:30.428812
367,7893 Elm Blvd,,Sydney,New South Wales,Australia,47649,00000000-0000-0000-0000-000000000000,2026-09-03T11:32:30.428814
368,4776 Main St,Suite 119,New York,New York,United States,80143,00000000-0000-0000-0000-000000000000,2026-09-03T11:32:30.428817
369,711 Oak Ave,Suite 91,Berlin,Brandenburg,Germany,14763,00000000-0000-0000-0000-000000000000,2026-09-03T11:32:30.428820
370,6604 Elm St,Suite 493,Tokyo,Kanto,Japan,47941,00000000-0000-0000-0000-000000000000,2026-09-03T11:32:30.428822
371,713 Main Ave,,Mumbai,Maharashtra,India,24064,00000000-0000-0000-0000-000000000000,2026-09-03T11:32:30.428824
372,5589 Pine Ave,Suite 279,Mumbai,Maharashtra,India,78723,00000000-0000-0000-0000-000000000000,2026-09-03T11:32:30.428827
373,2298 Elm Ave,,Dallas,Texas,United States,24764,00000000-0000-0000-0000-000000000000,2026-09-03T11:32:30.428829
374,2762 Elm Blvd,,New York,New York,United States,34405,00000000-0000-0000-0000-000000000000,2026-09-03T11:32:30.428831
375,5623 Pine Blvd,Suite 99,Bothell,Washington,United States,33002,00000000-0000-0000-0000-000000000000,2026-09-03T11:32:30.428834
376,6743 Elm Blvd,,Toronto,Ontario,Canada,62538,00000000-0000-0000-0000-000000000000,2026-09-03T11:32:30.428836
377,1662 Oak St,,Sydney,New South Wales,Australia,42512,00000000-0000-0000-0000-000000000000,2026-09-03T11:32:30.428838
378,4372 Elm St,,Bothell,Washington,United States,44995,00000000-0000-0000-0000-000000000000,2026-09-03T11:32:30.428840
379,5047 Main Ave,Suite 355,New York,New York,United States,40972,00000000-0000-0000-0000-000000000000,2026-09-03T11:32:30.428844
380,2036 Elm Ave,,Bothell,Washington,United States,99925,00000000-0000-0000-0000-000000000000,2026-09-03T11:32:30.428846
381,5195 Main Blvd,Suite 152,London,England,United Kingdom,58174,00000000-0000-0000-0000-000000000000,2026-09-03T11:32:30.428849
382,3718 Oak St,,Toronto,Ontario,Canada,69634,00000000-0000-0000-0000-000000000000,2026-09-03T11:32:30.428851
383,6221 Elm Blvd,,Berlin,Brandenburg,Germany,71712,00000000-0000-0000-0000-000000000000,2026-09-03T11:32:30.428853
384,8906 Oak St,Suite 306,Paris,Ile-de-France,France,20730,00000000-0000-0000-0000-000000000000,2026-09-03T11:32:30.428856
385,7419 Pine St,Suite 58,London,England,United Kingdom,18094,00000000-0000-0000-0000-000000000000,2026-09-03T11:32:30.428859
386,9072 Oak Blvd,,Tokyo,Kanto,Japan,31566,00000000-0000-0000-0000-000000000000,2026-09-03T11:32:30.428861
387,8625 Elm St,Suite 368,New York,New York,United States,86434,00000000-0000-0000-0000-000000000000,2026-09-03T11:32:30.428863
388,1589 Elm St,,Dallas,Texas,United States,77272,00000000-0000-0000-0000-000000000000,2026-09-03T11:32:30.428866
389,7584 Main Blvd,,Chicago,Illinois,United States,50392,00000000-0000-0000-0000-000000000000,2026-09-03T11:32:30.428869
390,456 Elm Ave,Suite 382,Berlin,Brandenburg,Germany,38560,00000000-0000-0000-0000-000000000000,2026-09-03T11:32:30.428871
391,1296 Main Ave,,Toronto,Ontario,Canada,18357,00000000-0000-0000-0000-000000000000,2026-09-03T11:32:30.428873
392,1087 Main Ave,,London,England,United Kingdom,63591,00000000-0000-0000-0000-000000000000,2026-09-03T11:32:30.428876
393,2318 Elm Ave,Suite 196,Redmond,Washington,United States,68790,00000000-0000-0000-0000-000000000000,2026-09-03T11:32:30.428878
394,6284 Elm St,Suite 339,Tokyo,Kanto,Japan,80687,00000000-0000-0000-0000-000000000000,2026-09-03T11:32:30.428881
395,5797 Main St,Suite 202,Redmond,Washington,United States,79316,00000000-0000-0000-0000-000000000000,2026-09-03T11:32:30.428883
396,3748 Main St,Suite 238,Redmond,Washington,United States,98276,00000000-0000-0000-0000-000000000000,2026-09-03T11:32:30.428886
397,9020 Elm Blvd,,Berlin,Brandenburg,Germany,40102,00000000-0000-0000-0000-000000000000,2026-09-03T11:32:30.428888
398,7646 Pine St,,San Francisco,California,United States,24790,00000000-0000-0000-0000-000000000000,2026-09-03T11:32:30.428890
399,6968 Main St,,Bothell,Washington,United States,23224,00000000-0000-0000-0000-000000000000,2026-09-03T11:32:30.428894
400,650 Elm Blvd,Suite 447,Toronto,Ontario,Canada,16380,00000000-0000-0000-0000-000000000000,2026-09-03T11:32:30.428896
401,824 Elm Ave,,San Francisco,California,United States,38477,00000000-0000-0000-0000-000000000000,2026-09-03T11:32:30.428898
402,1024 Oak Blvd,Suite 120,Paris,Ile-de-France,France,85511,00000000-0000-0000-0000-000000000000,2026-09-03T11:32:30.428901
403,9561 Pine St,,New York,New York,United States,28777,00000000-0000-0000-0000-000000000000,2026-09-03T11:32:30.428905
404,8640 Oak Ave,,Sydney,New South Wales,Australia,17989,00000000-0000-0000-0000-000000000000,2026-09-03T11:32:30.428907
405,9793 Oak Blvd,Suite 285,London,England,United Kingdom,74962,00000000-0000-0000-0000-000000000000,2026-09-03T11:32:30.428910
406,5742 Elm Blvd,,Bothell,Washington,United States,64568,00000000-0000-0000-0000-000000000000,2026-09-03T11:32:30.428913
407,2544 Pine Ave,,Chicago,Illinois,United States,80507,00000000-0000-0000-0000-000000000000,2026-09-03T11:32:30.428915
408,4048 Oak Ave,Suite 74,Dallas,Texas,United States,70689,00000000-0000-0000-0000-000000000000,2026-09-03T11:32:30.428918
409,1044 Elm Ave,,Mumbai,Maharashtra,India,27575,00000000-0000-0000-0000-000000000000,2026-09-03T11:32:30.428920
410,4078 Pine St,,Chicago,Illinois,United States,20363,00000000-0000-0000-0000-000000000000,2026-09-03T11:32:30.428922
411,7469 Pine St,,Mumbai,Maharashtra,India,34966,00000000-0000-0000-0000-000000000000,2026-09-03T11:32:30.428924
412,4498 Elm Blvd,Suite 21,Bothell,Washington,United States,19539,00000000-0000-0000-0000-000000000000,2026-09-03T11:32:30.428927
413,9726 Oak Ave,,San Francisco,California,United States,53642,00000000-0000-0000-0000-000000000000,2026-09-03T11:32:30.428929
414,351 Oak St,Suite 61,Los Angeles,California,United States,72773,00000000-0000-0000-0000-000000000000,2026-09-03T11:32:30.428933
415,4074 Oak Ave,Suite 283,Mumbai,Maharashtra,India,52154,00000000-0000-0000-0000-000000000000,2026-09-03T11:32:30.428935
416,4737 Elm Ave,,Paris,Ile-de-France,France,57088,00000000-0000-0000-0000-000000000000,2026-09-03T11:32:30.428937
417,4385 Pine Blvd,Suite 239,Los Angeles,California,United States,22924,00000000-0000-0000-0000-000000000000,2026-09-03T11:32:30.428940
418,7792 Pine St,,Paris,Ile-de-France,France,64254,00000000-0000-0000-0000-000000000000,2026-09-03T11:32:30.428942
419,9316 Oak Blvd,,Bothell,Washington,United States,44180,00000000-0000-0000-0000-000000000000,2026-09-03T11:32:30.428944
420,9668 Elm Ave,,London,England,United Kingdom,53236,00000000-0000-0000-0000-000000000000,2026-09-03T11:32:30.428947
421,6323 Oak Ave,,San Francisco,California,United States,99764,00000000-0000-0000-0000-000000000000,2026-09-03T11:32:30.428950
422,4316 Elm Blvd,Suite 252,New York,New York,United States,70401,00000000-0000-0000-0000-000000000000,2026-09-03T11:32:30.428952
423,5870 Oak St,Suite 251,Redmond,Washington,United States,34123,00000000-0000-0000-0000-000000000000,2026-09-03T11:32:30.428955
424,8982 Main Blvd,,Mumbai,Maharashtra,India,19742,00000000-0000-0000-0000-000000000000,2026-09-03T11:32:30.428957
425,894 Main Ave,,Tokyo,Kanto,Japan,92667,00000000-0000-0000-0000-000000000000,2026-09-03T11:32:30.428959
426,1213 Oak St,,San Francisco,California,United States,69770,00000000-0000-0000-0000-000000000000,2026-09-03T11:32:30.428961
427,1090 Elm Blvd,,New York,New York,United States,10866,00000000-0000-0000-0000-000000000000,2026-09-03T11:32:30.428964
428,9138 Elm St,,London,England,United Kingdom,46010,00000000-0000-0000-0000-000000000000,2026-09-03T11:32:30.428966
429,4797 Main Blvd,Suite 346,London,England,United Kingdom,66436,00000000-0000-0000-0000-000000000000,2026-09-03T11:32:30.428968
430,3037 Main St,,Paris,Ile-de-France,France,41584,00000000-0000-0000-0000-000000000000,2026-09-03T11:32:30.428970
431,8725 Pine Ave,,San Francisco,California,United States,62022,00000000-0000-0000-0000-000000000000,2026-09-03T11:32:30.428973
432,6212 Elm Ave,,Seattle,Washington,United States,39603,00000000-0000-0000-0000-000000000000,2026-09-03T11:32:30.428976
433,1420 Main St,,Los Angeles,California,United States,59436,00000000-0000-0000-0000-000000000000,2026-09-03T11:32:30.428978
434,7898 Main Blvd,,London,England,United Kingdom,32463,00000000-0000-0000-0000-000000000000,2026-09-03T11:32:30.428980
435,8289 Elm Blvd,Suite 290,Seattle,Washington,United States,22499,00000000-0000-0000-0000-000000000000,2026-09-03T11:32:30.428983
436,8753 Main St,,Mumbai,Maharashtra,India,84289,00000000-0000-0000-0000-000000000000,2026-09-03T11:32:30.428985
437,4541 Main St,Suite 144,Dallas,Texas,United States,81176,00000000-0000-0000-0000-000000000000,2026-09-03T11:32:30.428987
438,639 Oak Ave,,Toronto,Ontario,Canada,37152,00000000-0000-0000-0000-000000000000,2026-09-03T11:32:30.428990
439,2462 Elm St,,Toronto,Ontario,Canada,83919,00000000-0000-0000-0000-000000000000,2026-09-03T11:32:30.428992
440,9384 Elm Blvd,Suite 170,San Francisco,California,United States,60311,00000000-0000-0000-0000-000000000000,2026-09-03T11:32:30.428996
441,2392 Main Blvd,Suite 178,Paris,Ile-de-France,France,17038,00000000-0000-0000-0000-000000000000,2026-09-03T11:32:30.428999
442,7261 Oak St,,Seattle,Washington,United States,90460,00000000-0000-0000-0000-000000000000,2026-09-03T11:32:30.429001
443,6599 Pine St,Suite 402,Toronto,Ontario,Canada,69054,00000000-0000-0000-0000-000000000000,2026-09-03T11:32:30.429003
444,3837 Pine Blvd,Suite 222,Dallas,Texas,United States,34345,00000000-0000-0000-0000-000000000000,2026-09-03T11:32:30.429006
445,9698 Elm St,Suite 152,Sydney,New South Wales,Australia,42302,00000000-0000-0000-0000-000000000000,2026-09-03T11:32:30.429008
446,1304 Main Ave,,Berlin,Brandenburg,Germany,93086,00000000-0000-0000-0000-000000000000,2026-09-03T11:32:30.429011
447,6483 Pine Ave,,Redmond,Washington,United States,10680,00000000-0000-0000-0000-000000000000,2026-09-03T11:32:30.429013
448,7386 Pine Ave,,Los Angeles,California,United States,21442,00000000-0000-0000-0000-000000000000,2026-09-03T11:32:30.429015
449,7161 Elm Blvd,,Redmond,Washington,United States,63483,00000000-0000-0000-0000-000000000000,2026-09-03T11:32:30.429017
450,530 Main Ave,,Seattle,Washington,United States,88240,00000000-0000-0000-0000-000000000000,2026-09-03T11:32:30.429019
